q,d,l,N,|G|,|H|,Psi_min,Psi_max,VarG/q^(d+1),VarH/q^(d+1),VarH_own/q^(d+1),meanH/q^(d+1),ratio,KR,seconds
8,4,3,24,512,8,29184,33792,21/8,56,63/2,249/256,64/3,2,24.9
2,3,2,6,4,2,12,20,1/2,0,0,1,0,1,0.0
2,5,4,10,16,4,50,80,75/64,5/4,1,17/16,16/15,3,0.0
2,6,5,12,32,4,48,168,737/128,249/16,241/16,17/16,1992/737,4,0.0
2,7,6,14,64,8,196,336,1989/512,247/32,229/32,67/64,304/153,5,0.0
2,8,7,16,128,8,384,640,2499/512,51/32,35/32,31/32,16/49,6,0.1
2,9,8,18,256,16,738,1314,116321/16384,5909/1024,5509/1024,251/256,94544/116321,7,0.6
2,10,9,20,512,16,1720,2460,471311/65536,16191/2048,13055/2048,263/256,518112/471311,8,3.4
2,11,10,22,1024,32,3520,4818,561841/65536,31431/2048,31413/2048,2045/2048,1005792/561841,9,22.9
2,12,11,24,2048,32,6984,9192,5113313/524288,169889/8192,152465/8192,2015/2048,10872896/5113313,10,123.1
4,5,4,20,256,16,3736,4280,10647/4096,903/64,867/64,259/256,2752/507,3,0.8
4,6,5,24,1024,16,15360,16912,60627/16384,2307/256,1731/256,253/256,49216/20209,4,29.0
