q,d,odd_j,lambda_idx,rho,rho_float
8,4,1;3,0;1,5/21,0.23809523809523808
8,4,1;3,0;2,5/21,0.23809523809523808
8,4,1;3,0;3,5/21,0.23809523809523808
8,4,1;3,0;4,5/21,0.23809523809523808
8,4,1;3,0;5,5/21,0.23809523809523808
8,4,1;3,0;6,5/21,0.23809523809523808
8,4,1;3,0;7,5/21,0.23809523809523808
8,4,1;3,1;0,1,1.0
8,4,1;3,1;1,5/21,0.23809523809523808
8,4,1;3,1;2,5/21,0.23809523809523808
8,4,1;3,1;3,5/21,0.23809523809523808
8,4,1;3,1;4,5/21,0.23809523809523808
8,4,1;3,1;5,5/21,0.23809523809523808
8,4,1;3,1;6,5/21,0.23809523809523808
8,4,1;3,1;7,5/21,0.23809523809523808
8,4,1;3,2;0,1,1.0
8,4,1;3,2;1,5/21,0.23809523809523808
8,4,1;3,2;2,5/21,0.23809523809523808
8,4,1;3,2;3,5/21,0.23809523809523808
8,4,1;3,2;4,5/21,0.23809523809523808
8,4,1;3,2;5,5/21,0.23809523809523808
8,4,1;3,2;6,5/21,0.23809523809523808
8,4,1;3,2;7,5/21,0.23809523809523808
8,4,1;3,3;0,1,1.0
8,4,1;3,3;1,5/21,0.23809523809523808
8,4,1;3,3;2,5/21,0.23809523809523808
8,4,1;3,3;3,5/21,0.23809523809523808
8,4,1;3,3;4,5/21,0.23809523809523808
8,4,1;3,3;5,5/21,0.23809523809523808
8,4,1;3,3;6,5/21,0.23809523809523808
8,4,1;3,3;7,5/21,0.23809523809523808
8,4,1;3,4;0,1,1.0
8,4,1;3,4;1,5/21,0.23809523809523808
8,4,1;3,4;2,5/21,0.23809523809523808
8,4,1;3,4;3,5/21,0.23809523809523808
8,4,1;3,4;4,5/21,0.23809523809523808
8,4,1;3,4;5,5/21,0.23809523809523808
8,4,1;3,4;6,5/21,0.23809523809523808
8,4,1;3,4;7,5/21,0.23809523809523808
8,4,1;3,5;0,1,1.0
8,4,1;3,5;1,5/21,0.23809523809523808
8,4,1;3,5;2,5/21,0.23809523809523808
8,4,1;3,5;3,5/21,0.23809523809523808
8,4,1;3,5;4,5/21,0.23809523809523808
8,4,1;3,5;5,5/21,0.23809523809523808
8,4,1;3,5;6,5/21,0.23809523809523808
8,4,1;3,5;7,5/21,0.23809523809523808
8,4,1;3,6;0,1,1.0
8,4,1;3,6;1,5/21,0.23809523809523808
8,4,1;3,6;2,5/21,0.23809523809523808
8,4,1;3,6;3,5/21,0.23809523809523808
8,4,1;3,6;4,5/21,0.23809523809523808
8,4,1;3,6;5,5/21,0.23809523809523808
8,4,1;3,6;6,5/21,0.23809523809523808
8,4,1;3,6;7,5/21,0.23809523809523808
8,4,1;3,7;0,1,1.0
8,4,1;3,7;1,5/21,0.23809523809523808
8,4,1;3,7;2,5/21,0.23809523809523808
8,4,1;3,7;3,5/21,0.23809523809523808
8,4,1;3,7;4,5/21,0.23809523809523808
8,4,1;3,7;5,5/21,0.23809523809523808
8,4,1;3,7;6,5/21,0.23809523809523808
8,4,1;3,7;7,5/21,0.23809523809523808
2,3,1,1,-1,-1.0
2,5,1;3,0;1,3/25,0.12
2,5,1;3,1;0,23/75,0.30666666666666664
2,5,1;3,1;1,-9/25,-0.36
2,6,1;3;5,0;0;1,-47/737,-0.06377204884667571
2,6,1;3;5,0;1;0,97/737,0.13161465400271372
2,6,1;3;5,0;1;1,337/737,0.45725915875169604
2,6,1;3;5,1;0;0,337/737,0.45725915875169604
2,6,1;3;5,1;0;1,193/737,0.2618724559023066
2,6,1;3;5,1;1;0,-13/67,-0.19402985074626866
2,6,1;3;5,1;1;1,481/737,0.6526458616010855
2,7,1;3;5,0;0;1,1/663,0.0015082956259426848
2,7,1;3;5,0;1;0,193/1989,0.09703368526897939
2,7,1;3;5,0;1;1,-193/1989,-0.09703368526897939
2,7,1;3;5,1;0;0,-95/1989,-0.04776269482151835
2,7,1;3;5,1;0;1,487/1989,0.24484665661136248
2,7,1;3;5,1;1;0,101/1989,0.05077928607340372
2,7,1;3;5,1;1;1,163/221,0.7375565610859729
2,8,1;3;5;7,0;0;0;1,-13/147,-0.08843537414965986
2,8,1;3;5;7,0;0;1;0,-701/2499,-0.2805122048819528
2,8,1;3;5;7,0;0;1;1,-31/833,-0.03721488595438175
2,8,1;3;5;7,0;1;0;0,-127/833,-0.1524609843937575
2,8,1;3;5;7,0;1;0;1,-29/2499,-0.011604641856742696
2,8,1;3;5;7,0;1;1;0,257/833,0.3085234093637455
2,8,1;3;5;7,0;1;1;1,-157/2499,-0.06282513005202081
2,8,1;3;5;7,1;0;0;0,-701/2499,-0.2805122048819528
2,8,1;3;5;7,1;0;0;1,-31/833,-0.03721488595438175
2,8,1;3;5;7,1;0;1;0,101/357,0.28291316526610644
2,8,1;3;5;7,1;0;1;1,-13/147,-0.08843537414965986
2,8,1;3;5;7,1;1;0;0,37/357,0.10364145658263306
2,8,1;3;5;7,1;1;0;1,-157/2499,-0.06282513005202081
2,8,1;3;5;7,1;1;1;0,-13/51,-0.2549019607843137
2,8,1;3;5;7,1;1;1;1,-29/2499,-0.011604641856742696
2,9,1;3;5;7,0;0;0;1,4645/116321,0.03993260030433026
2,9,1;3;5;7,0;0;1;0,4537/116321,0.03900413510887974
2,9,1;3;5;7,0;0;1;1,-25463/116321,-0.21890286362737596
2,9,1;3;5;7,0;1;0;0,12673/116321,0.10894851316615228
2,9,1;3;5;7,0;1;0;1,18997/116321,0.16331530849975498
2,9,1;3;5;7,0;1;1;0,-15551/116321,-0.13369039124491708
2,9,1;3;5;7,0;1;1;1,-25391/116321,-0.21828388683040895
2,9,1;3;5;7,1;0;0;0,-13283/116321,-0.11419262214045615
2,9,1;3;5;7,1;0;0;1,-25463/116321,-0.21890286362737596
2,9,1;3;5;7,1;0;1;0,4357/116321,0.03745669311646221
2,9,1;3;5;7,1;0;1;1,4645/116321,0.03993260030433026
2,9,1;3;5;7,1;1;0;0,2917/116321,0.02507715717712193
2,9,1;3;5;7,1;1;0;1,-25391/116321,-0.21828388683040895
2,9,1;3;5;7,1;1;1;0,36997/116321,0.31805950774150843
2,9,1;3;5;7,1;1;1;1,18997/116321,0.16331530849975498
2,10,1;3;5;7;9,0;0;0;0;1,3391/471311,0.007194824648692689
2,10,1;3;5;7;9,0;0;0;1;0,16815/471311,0.03567707946557581
2,10,1;3;5;7;9,0;0;0;1;1,-48161/471311,-0.1021851813346177
2,10,1;3;5;7;9,0;0;1;0;0,-17137/471311,-0.03636028015471737
2,10,1;3;5;7;9,0;0;1;0;1,-8449/471311,-0.01792659199551888
2,10,1;3;5;7;9,0;0;1;1;0,47855/471311,0.10153592850580614
2,10,1;3;5;7;9,0;0;1;1;1,19679/471311,0.041753746464648606
2,10,1;3;5;7;9,0;1;0;0;0,26591/471311,0.05641922212721536
2,10,1;3;5;7;9,0;1;0;0;1,12463/471311,0.026443261455811554
2,10,1;3;5;7;9,0;1;0;1;0,-18881/471311,-0.04006059693068908
2,10,1;3;5;7;9,0;1;0;1;1,3535/471311,0.00750035539166283
2,10,1;3;5;7;9,0;1;1;0;0,16991/471311,0.03605050592920598
2,10,1;3;5;7;9,0;1;1;0;1,68463/471311,0.14526077261086628
2,10,1;3;5;7;9,0;1;1;1;0,-17921/471311,-0.03802372531088814
2,10,1;3;5;7;9,0;1;1;1;1,34895/471311,0.07403816163849349
2,10,1;3;5;7;9,1;0;0;0;0,13615/471311,0.02888750739957268
2,10,1;3;5;7;9,1;0;0;0;1,-16161/471311,-0.03428946067458642
2,10,1;3;5;7;9,1;0;0;1;0,47855/471311,0.10153592850580614
2,10,1;3;5;7;9,1;0;0;1;1,19679/471311,0.041753746464648606
2,10,1;3;5;7;9,1;0;1;0;0,-40785/471311,-0.08653521772248049
2,10,1;3;5;7;9,1;0;1;0;1,34079/471311,0.07230682076166269
2,10,1;3;5;7;9,1;0;1;1;0,16815/471311,0.03567707946557581
2,10,1;3;5;7;9,1;0;1;1;1,-48161/471311,-0.1021851813346177
2,10,1;3;5;7;9,1;1;0;0;0,-72961/471311,-0.15480436484614193
2,10,1;3;5;7;9,1;1;0;0;1,-11185/471311,-0.023731676111951556
2,10,1;3;5;7;9,1;1;0;1;0,-17921/471311,-0.03802372531088814
2,10,1;3;5;7;9,1;1;0;1;1,34895/471311,0.07403816163849349
2,10,1;3;5;7;9,1;1;1;0;0,-15361/471311,-0.03259206765808564
2,10,1;3;5;7;9,1;1;1;0;1,-22385/471311,-0.047495178342962505
2,10,1;3;5;7;9,1;1;1;1;0,-18881/471311,-0.04006059693068908
2,10,1;3;5;7;9,1;1;1;1;1,3535/471311,0.00750035539166283
2,11,1;3;5;7;9,0;0;0;0;1,-6631/561841,-0.011802271461142922
2,11,1;3;5;7;9,0;0;0;1;0,-608/80263,-0.0075750968690430215
2,11,1;3;5;7;9,0;0;0;1;1,13894/561841,0.02472941632953095
2,11,1;3;5;7;9,0;0;1;0;0,-4377/561841,-0.007790460290366848
2,11,1;3;5;7;9,0;0;1;0;1,38699/561841,0.06887891770091538
2,11,1;3;5;7;9,0;0;1;1;0,6052/561841,0.01077173079216362
2,11,1;3;5;7;9,0;0;1;1;1,41142/561841,0.0732271229760733
2,11,1;3;5;7;9,0;1;0;0;0,-34219/561841,-0.06090513152297536
2,11,1;3;5;7;9,0;1;0;0;1,40801/561841,0.07262018969779706
2,11,1;3;5;7;9,0;1;0;1;0,-11912/561841,-0.02120172789098695
2,11,1;3;5;7;9,0;1;0;1;1,51514/561841,0.09168786186839337
2,11,1;3;5;7;9,0;1;1;0;0,14499/561841,0.025806233436150086
2,11,1;3;5;7;9,0;1;1;0;1,-56165/561841,-0.09996600461696459
2,11,1;3;5;7;9,0;1;1;1;0,11024/561841,0.019621209559288127
2,11,1;3;5;7;9,0;1;1;1;1,9938/80263,0.12381794849432491
2,11,1;3;5;7;9,1;0;0;0;0,5303/561841,0.009438613415539272
2,11,1;3;5;7;9,1;0;0;0;1,15467/561841,0.027529140806740696
2,11,1;3;5;7;9,1;0;0;1;0,6052/561841,0.01077173079216362
2,11,1;3;5;7;9,1;0;0;1;1,41142/561841,0.0732271229760733
2,11,1;3;5;7;9,1;0;1;0;0,2095/80263,0.026101690691850542
2,11,1;3;5;7;9,1;0;1;0;1,3049/561841,0.005426802244763198
2,11,1;3;5;7;9,1;0;1;1;0,-608/80263,-0.0075750968690430215
2,11,1;3;5;7;9,1;0;1;1;1,13894/561841,0.02472941632953095
2,11,1;3;5;7;9,1;1;0;0;0,1915/561841,0.00340843761847213
2,11,1;3;5;7;9,1;1;0;0;1,-12605/561841,-0.02243517294038705
2,11,1;3;5;7;9,1;1;0;1;0,11024/561841,0.019621209559288127
2,11,1;3;5;7;9,1;1;0;1;1,9938/80263,0.12381794849432491
2,11,1;3;5;7;9,1;1;1;0;0,48061/561841,0.08554199497722666
2,11,1;3;5;7;9,1;1;1;0;1,3063/80263,0.038162042285984826
2,11,1;3;5;7;9,1;1;1;1;0,-11912/561841,-0.02120172789098695
2,11,1;3;5;7;9,1;1;1;1;1,51514/561841,0.09168786186839337
2,12,1;3;5;7;9;11,0;0;0;0;0;1,-45727/5113313,-0.008942734387666079
2,12,1;3;5;7;9;11,0;0;0;0;1;0,307489/5113313,0.06013498489140016
2,12,1;3;5;7;9;11,0;0;0;0;1;1,98017/5113313,0.019168981050055024
2,12,1;3;5;7;9;11,0;0;0;1;0;0,-281023/5113313,-0.05495908425711471
2,12,1;3;5;7;9;11,0;0;0;1;0;1,20897/5113313,0.004086782874429944
2,12,1;3;5;7;9;11,0;0;0;1;1;0,70465/5113313,0.01378069365204125
2,12,1;3;5;7;9;11,0;0;0;1;1;1,-15327/5113313,-0.0029974695466520435
2,12,1;3;5;7;9;11,0;0;1;0;0;0,207201/5113313,0.04052186908957069
2,12,1;3;5;7;9;11,0;0;1;0;0;1,79969/5113313,0.01563937118654774
2,12,1;3;5;7;9;11,0;0;1;0;1;0,-300255/5113313,-0.058720246540745695
2,12,1;3;5;7;9;11,0;0;1;0;1;1,245601/5113313,0.04803167730979895
2,12,1;3;5;7;9;11,0;0;1;1;0;0,120385/5113313,0.023543444338337983
2,12,1;3;5;7;9;11,0;0;1;1;0;1,-142879/5113313,-0.027942549184843565
2,12,1;3;5;7;9;11,0;0;1;1;1;0,488769/5113313,0.09558753786439438
2,12,1;3;5;7;9;11,0;0;1;1;1;1,73185/5113313,0.014312638400974085
2,12,1;3;5;7;9;11,0;1;0;0;0;0,661729/5113313,0.1294129657230058
2,12,1;3;5;7;9;11,0;1;0;0;0;1,-60511/5113313,-0.011834010552453957
2,12,1;3;5;7;9;11,0;1;0;0;1;0,131617/5113313,0.025740063242754747
2,12,1;3;5;7;9;11,0;1;0;0;1;1,-72031/5113313,-0.014086953018522433
2,12,1;3;5;7;9;11,0;1;0;1;0;0,-4479/5113313,-0.0008759487244375614
2,12,1;3;5;7;9;11,0;1;0;1;0;1,-15327/5113313,-0.0029974695466520435
2,12,1;3;5;7;9;11,0;1;0;1;1;0,-2303/5113313,-0.00045039292529129354
2,12,1;3;5;7;9;11,0;1;0;1;1;1,20897/5113313,0.004086782874429944
2,12,1;3;5;7;9;11,0;1;1;0;0;0,138465/5113313,0.027079312375362118
2,12,1;3;5;7;9;11,0;1;1;0;0;1,1287/33863,0.03800608333579423
2,12,1;3;5;7;9;11,0;1;1;0;1;0,310177/5113313,0.060660671466816134
2,12,1;3;5;7;9;11,0;1;1;0;1;1,94113/5113313,0.018405483880998483
2,12,1;3;5;7;9;11,0;1;1;1;0;0,219649/5113313,0.04295629858762802
2,12,1;3;5;7;9;11,0;1;1;1;0;1,73185/5113313,0.014312638400974085
2,12,1;3;5;7;9;11,0;1;1;1;1;0,183425/5113313,0.03587204616654603
2,12,1;3;5;7;9;11,0;1;1;1;1;1,-142879/5113313,-0.027942549184843565
2,12,1;3;5;7;9;11,1;0;0;0;0;0,270881/5113313,0.05297563438811589
2,12,1;3;5;7;9;11,1;0;0;0;0;1,94113/5113313,0.018405483880998483
2,12,1;3;5;7;9;11,1;0;0;0;1;0,-261407/5113313,-0.05112282389128144
2,12,1;3;5;7;9;11,1;0;0;0;1;1,1287/33863,0.03800608333579423
2,12,1;3;5;7;9;11,1;0;0;1;0;0,120385/5113313,0.023543444338337983
2,12,1;3;5;7;9;11,1;0;0;1;0;1,-46879/5113313,-0.009168028634272926
2,12,1;3;5;7;9;11,1;0;0;1;1;0,488769/5113313,0.09558753786439438
2,12,1;3;5;7;9;11,1;0;0;1;1;1,194913/5113313,0.03811873045909765
2,12,1;3;5;7;9;11,1;0;1;0;0;0,337569/5113313,0.06601766799724562
2,12,1;3;5;7;9;11,1;0;1;0;0;1,-72031/5113313,-0.014086953018522433
2,12,1;3;5;7;9;11,1;0;1;0;1;0,130785/5113313,0.025577350731316468
2,12,1;3;5;7;9;11,1;0;1;0;1;1,-60511/5113313,-0.011834010552453957
2,12,1;3;5;7;9;11,1;0;1;1;0;0,-281023/5113313,-0.05495908425711471
2,12,1;3;5;7;9;11,1;0;1;1;0;1,36257/5113313,0.007090706162521246
2,12,1;3;5;7;9;11,1;0;1;1;1;0,70465/5113313,0.01378069365204125
2,12,1;3;5;7;9;11,1;0;1;1;1;1,201633/5113313,0.0394329468976376
2,12,1;3;5;7;9;11,1;1;0;0;0;0,71713/5113313,0.014024762419198668
2,12,1;3;5;7;9;11,1;1;0;0;0;1,245601/5113313,0.04803167730979895
2,12,1;3;5;7;9;11,1;1;0;0;1;0,109281/5113313,0.021371858127988645
2,12,1;3;5;7;9;11,1;1;0;0;1;1,79969/5113313,0.01563937118654774
2,12,1;3;5;7;9;11,1;1;0;1;0;0,219649/5113313,0.04295629858762802
2,12,1;3;5;7;9;11,1;1;0;1;0;1,194913/5113313,0.03811873045909765
2,12,1;3;5;7;9;11,1;1;0;1;1;0,183425/5113313,0.03587204616654603
2,12,1;3;5;7;9;11,1;1;0;1;1;1,-46879/5113313,-0.009168028634272926
2,12,1;3;5;7;9;11,1;1;1;0;0;0,-4575/5113313,-0.0008947232449881319
2,12,1;3;5;7;9;11,1;1;1;0;0;1,98017/5113313,0.019168981050055024
2,12,1;3;5;7;9;11,1;1;1;0;1;0,348001/5113313,0.06805783256374097
2,12,1;3;5;7;9;11,1;1;1;0;1;1,-45727/5113313,-0.008942734387666079
2,12,1;3;5;7;9;11,1;1;1;1;0;0,-4479/5113313,-0.0008759487244375614
2,12,1;3;5;7;9;11,1;1;1;1;0;1,201633/5113313,0.0394329468976376
2,12,1;3;5;7;9;11,1;1;1;1;1;0,-2303/5113313,-0.00045039292529129354
2,12,1;3;5;7;9;11,1;1;1;1;1;1,36257/5113313,0.007090706162521246
4,5,1;3,0;1,227/819,0.2771672771672772
4,5,1;3,0;2,2921/10647,0.27434958204188975
4,5,1;3,0;3,2921/10647,0.27434958204188975
4,5,1;3,1;0,4031/10647,0.3786043016812248
4,5,1;3,1;1,2911/10647,0.27341035033342725
4,5,1;3,1;2,2921/10647,0.27434958204188975
4,5,1;3,1;3,2921/10647,0.27434958204188975
4,5,1;3,2;0,4031/10647,0.3786043016812248
4,5,1;3,2;1,2911/10647,0.27341035033342725
4,5,1;3,2;2,2921/10647,0.27434958204188975
4,5,1;3,2;3,2921/10647,0.27434958204188975
4,5,1;3,3;0,4031/10647,0.3786043016812248
4,5,1;3,3;1,2911/10647,0.27341035033342725
4,5,1;3,3;2,2921/10647,0.27434958204188975
4,5,1;3,3;3,2921/10647,0.27434958204188975
4,6,1;3;5,0;0;1,-2285/60627,-0.037689478285252445
4,6,1;3;5,0;0;2,-2285/60627,-0.037689478285252445
4,6,1;3;5,0;0;3,-2285/60627,-0.037689478285252445
4,6,1;3;5,0;1;0,-1357/60627,-0.022382766754086462
4,6,1;3;5,0;1;1,9139/60627,0.15074141883979086
4,6,1;3;5,0;1;2,9139/60627,0.15074141883979086
4,6,1;3;5,0;1;3,9139/60627,0.15074141883979086
4,6,1;3;5,0;2;0,-2101/60627,-0.03465452686096954
4,6,1;3;5,0;2;1,-67/8661,-0.007735827271677635
4,6,1;3;5,0;2;2,-67/8661,-0.007735827271677635
4,6,1;3;5,0;2;3,-67/8661,-0.007735827271677635
4,6,1;3;5,0;3;0,-2101/60627,-0.03465452686096954
4,6,1;3;5,0;3;1,-67/8661,-0.007735827271677635
4,6,1;3;5,0;3;2,-67/8661,-0.007735827271677635
4,6,1;3;5,0;3;3,-67/8661,-0.007735827271677635
4,6,1;3;5,1;0;0,2353/20209,0.11643327230441883
4,6,1;3;5,1;0;1,9235/60627,0.15232487175680803
4,6,1;3;5,1;0;2,4595/60627,0.07579131410097811
4,6,1;3;5,1;0;3,4595/60627,0.07579131410097811
4,6,1;3;5,1;1;0,-7885/60627,-0.13005756511125408
4,6,1;3;5,1;1;1,20659/60627,0.34075576888185133
4,6,1;3;5,1;1;2,-3149/60627,-0.05194055453840698
4,6,1;3;5,1;1;3,-3149/60627,-0.05194055453840698
4,6,1;3;5,1;2;0,-2101/60627,-0.03465452686096954
4,6,1;3;5,1;2;1,-67/8661,-0.007735827271677635
4,6,1;3;5,1;2;2,-67/8661,-0.007735827271677635
4,6,1;3;5,1;2;3,-67/8661,-0.007735827271677635
4,6,1;3;5,1;3;0,-2101/60627,-0.03465452686096954
4,6,1;3;5,1;3;1,-67/8661,-0.007735827271677635
4,6,1;3;5,1;3;2,-67/8661,-0.007735827271677635
4,6,1;3;5,1;3;3,-67/8661,-0.007735827271677635
4,6,1;3;5,2;0;0,2353/20209,0.11643327230441883
4,6,1;3;5,2;0;1,4595/60627,0.07579131410097811
4,6,1;3;5,2;0;2,4595/60627,0.07579131410097811
4,6,1;3;5,2;0;3,9235/60627,0.15232487175680803
4,6,1;3;5,2;1;0,-7885/60627,-0.13005756511125408
4,6,1;3;5,2;1;1,-3149/60627,-0.05194055453840698
4,6,1;3;5,2;1;2,-3149/60627,-0.05194055453840698
4,6,1;3;5,2;1;3,20659/60627,0.34075576888185133
4,6,1;3;5,2;2;0,-2101/60627,-0.03465452686096954
4,6,1;3;5,2;2;1,-67/8661,-0.007735827271677635
4,6,1;3;5,2;2;2,-67/8661,-0.007735827271677635
4,6,1;3;5,2;2;3,-67/8661,-0.007735827271677635
4,6,1;3;5,2;3;0,-2101/60627,-0.03465452686096954
4,6,1;3;5,2;3;1,-67/8661,-0.007735827271677635
4,6,1;3;5,2;3;2,-67/8661,-0.007735827271677635
4,6,1;3;5,2;3;3,-67/8661,-0.007735827271677635
4,6,1;3;5,3;0;0,2353/20209,0.11643327230441883
4,6,1;3;5,3;0;1,4595/60627,0.07579131410097811
4,6,1;3;5,3;0;2,9235/60627,0.15232487175680803
4,6,1;3;5,3;0;3,4595/60627,0.07579131410097811
4,6,1;3;5,3;1;0,-7885/60627,-0.13005756511125408
4,6,1;3;5,3;1;1,-3149/60627,-0.05194055453840698
4,6,1;3;5,3;1;2,20659/60627,0.34075576888185133
4,6,1;3;5,3;1;3,-3149/60627,-0.05194055453840698
4,6,1;3;5,3;2;0,-2101/60627,-0.03465452686096954
4,6,1;3;5,3;2;1,-67/8661,-0.007735827271677635
4,6,1;3;5,3;2;2,-67/8661,-0.007735827271677635
4,6,1;3;5,3;2;3,-67/8661,-0.007735827271677635
4,6,1;3;5,3;3;0,-2101/60627,-0.03465452686096954
4,6,1;3;5,3;3;1,-67/8661,-0.007735827271677635
4,6,1;3;5,3;3;2,-67/8661,-0.007735827271677635
4,6,1;3;5,3;3;3,-67/8661,-0.007735827271677635
